id,name,model_id:id,group_id:id,perm_read,perm_write,perm_create,perm_unlink
access_product_barcode_multi_user,product.barcode.multi.user,model_product_barcode_multi,base.group_user,1,0,0,0
access_product_barcode_multi_root,product.barcode.multi.root,model_product_barcode_multi,base.group_system,1,1,1,1
access_multiply_barcode_wizard,access_multiply_barcode_wizard,model_multiply_barcode_wizard,base.group_user,1,1,1,1
access_product_multiply_barcode_purchase_manager,product.multiply.barcode.purchase.manager,model_product_barcode_multi,purchase.group_purchase_manager,1,1,1,1
access_product_multiply_barcode_sale_manager,product.multiply.barcode.sale.manager,model_product_barcode_multi,sales_team.group_sale_manager,1,1,1,1
access_product_multiply_barcode_stock_manager,product.product.stock.manager,model_product_barcode_multi,stock.group_stock_manager,1,1,1,1